delta_e_mean,eta_mean,eta_min,surrogate_id
1.042946776415987,0.5377140893422951,8.283587447995487e-107,1
1.0565416557120622,0.5393684038532438,3.5653829195838914e-114,2
1.0256718392340107,0.5366271259986155,3.5460750414335756e-114,3
1.0377768699044823,0.5414688232875394,1.4403872142156082e-109,4
1.0430796090727614,0.5375623341517087,1.7622166871488445e-115,5
1.0281491862160803,0.53856476119955,4.249122571968239e-104,6
1.0792630870354032,0.5370337576991863,4.688414498465781e-105,7
1.03563383610342,0.5414202355371257,1.7318689386510192e-123,8
1.0422091666688311,0.5383626898334262,3.9403506473311354e-114,9
1.0547525381501797,0.5414058843844505,1.773850514120764e-118,10
1.0460544934229112,0.5391264804036844,1.1786785218232464e-122,11
1.0525366570105101,0.540164330523734,1.9751142565986484e-107,12
1.0492604166069466,0.5379847756865346,8.824834961936363e-108,13
1.0211904636409066,0.5408616538552112,1.2369945174160638e-97,14
1.0449033959133551,0.5395055488336268,6.424698331439902e-115,15
1.0374006023830071,0.5418252413203193,8.873826970455056e-116,16
1.0365523883034753,0.5402187588457338,5.430394264457484e-113,17
1.0396543810093806,0.5423831252506971,1.695217066959594e-117,18
1.0397883441417697,0.5421184138680314,8.851235797739396e-107,19
1.0335377561911603,0.5405006285553018,2.401557679349423e-106,20
1.0356520882327032,0.5392528955182173,1.2117620363577837e-116,21
1.044685071531864,0.5389540364288251,3.68317367801649e-99,22
1.0217516849705057,0.5398156275320483,3.336698209075911e-101,23
1.0521467719148216,0.537253802612433,1.4844001975903165e-109,24
1.0518724934939732,0.5380446429594589,1.3928663137016179e-105,25
1.0439945133187354,0.5379249325915396,5.401002863566229e-123,26
1.0407447027384669,0.5381184245721646,4.273378654371819e-116,27
1.037883966415188,0.5380078367644494,2.3964320488885685e-115,28
1.0526383650117626,0.5412897357395667,2.8243388677782964e-125,29
1.044435312550088,0.5362725081469628,4.08345934952289e-117,30
1.0377494546646018,0.5417984383134133,3.647658398132618e-114,31
1.0507190594037077,0.540365990865964,6.791658202274905e-116,32
1.0554211350803977,0.5398509606085735,4.3153551935253973e-119,33
1.0407489407250738,0.539496002222023,4.750562060660656e-105,34
1.0313128225304167,0.5391657355196199,2.553945278813795e-114,35
1.0345685440813177,0.5393793871160992,5.127842587106575e-115,36
1.0401325902753102,0.5414270895503059,3.539971702548717e-113,37
1.0404676657838996,0.5419013709214513,1.700248162211565e-115,38
1.04649898773511,0.538320774589958,4.731444498230747e-103,39
1.0243341209665116,0.5389678155381343,5.672719828699237e-115,40
1.0472956136973244,0.5384550273167735,2.588047486759645e-114,41
1.0428637118249053,0.5376586433983516,6.731065445132207e-113,42
1.040060278724251,0.5379729445858824,6.488797968509155e-117,43
1.0454967076705444,0.5399691405930015,9.613357483946223e-114,44
1.0567205828628743,0.539784724016179,1.832365095324024e-125,45
1.0417978494856006,0.5412076890165227,8.86180769332048e-110,46
1.0238649601860714,0.5394506024642348,1.4875308877264812e-102,47
1.0510061267491204,0.541804206877783,1.8755210083003935e-102,48
1.0545730540261973,0.5375404388160608,6.966002464860418e-116,49
1.0604722025377302,0.5425519381906677,2.902316089895894e-119,50
1.0678344706189506,0.540964644985941,7.838256087965853e-119,51
1.0190378613501572,0.5433113523028058,3.493834912377171e-121,52
1.051099133352913,0.5362406628377181,6.101056083838066e-102,53
1.0350699747737084,0.5373050376078047,2.8250770889548906e-103,54
1.0598433762108554,0.5403040324234117,7.614763409215059e-115,55
1.03685740805806,0.5401791220890353,9.096136764193038e-115,56
1.0169899409124783,0.5401307058150971,3.852066100985832e-120,57
1.0381770853985863,0.5383967683781357,1.3180824551257851e-110,58
1.0417558966745128,0.5389944846577311,3.333622969510063e-114,59
1.0241622596287336,0.539828488083604,3.0353122685561757e-103,60
1.0453070896317838,0.5378358488488125,1.0393035939372104e-113,61
1.021934129366624,0.5390521064975295,3.648652914329816e-104,62
1.0424214170757637,0.5411548227888852,5.077380682750241e-116,63
1.04870220908184,0.5412970196113422,3.27156568722402e-106,64
1.0414615327256889,0.5389553798650083,7.272268231733574e-112,65
1.054863501111664,0.536742749191689,1.685323906703569e-106,66
1.032414070538326,0.5375324482407889,5.087508050760513e-109,67
1.05073650488769,0.5387145089014621,3.578429894102941e-115,68
1.0590001957996953,0.5364307105386295,6.238327340495834e-116,69
1.0416471366460436,0.5410173221683655,6.435066020932177e-110,70
1.066982489816132,0.5383971399468532,1.4465384704754677e-118,71
1.0246649608845366,0.5382802835688533,1.4615357684200272e-99,72
1.0102802474843766,0.5408556956724011,1.5374498066838263e-107,73
1.0295373716183804,0.5390331291486117,1.7056526478238828e-113,74
1.0619928961902503,0.5392338091437696,2.4077208512624623e-116,75
1.033126801909254,0.5369736233835395,1.3069084072587083e-99,76
1.0542648430147559,0.5395339265983887,6.444552463651039e-107,77
1.0419171194975583,0.5394977233084213,1.414220290610948e-100,78
1.026417175945643,0.5390551320895925,2.319323642174417e-112,79
1.030442304422672,0.5427119620831002,1.4271471751683854e-113,80
1.0311624226729894,0.5413942797798974,9.533462240183656e-115,81
1.034060770406918,0.5382348014778366,5.506257822997738e-104,82
1.0456820581852224,0.5390480275789612,3.5182002181402607e-116,83
1.0766738556437094,0.5373682758367834,1.6308339563283506e-107,84
1.023934201208478,0.5386270180115011,7.721781714258944e-116,85
1.0557706661829889,0.5399767831020192,2.996333281047415e-113,86
1.067261445401291,0.5394403369257816,4.5316836329720004e-119,87
1.0491808084134149,0.5405395524718382,2.1801638582669023e-115,88
1.036649814548576,0.535112446600674,1.5416275626536269e-108,89
1.0016966254291013,0.5401760410527373,6.095177611200904e-119,90
1.0184392259838144,0.5400572423348912,6.3720227398898395e-114,91
1.0141604921174898,0.5433402569190856,7.859924727197316e-114,92
1.034580376629652,0.5397621446063329,2.934541760979202e-106,93
1.0380256595678792,0.5376511180608347,8.873314818484492e-115,94
1.045720027236596,0.5373346619244078,1.48611059622678e-115,95
1.051988816666019,0.5359916912263241,5.275293187409737e-103,96
1.0287005458914291,0.5394895389676203,4.737746063335206e-103,97
1.0595885254147877,0.5378938245036745,7.423286554243788e-115,98
1.0417250812495165,0.53983037204625,1.843664537335462e-104,99
1.0233029816501553,0.5415536377659879,3.2914014737421684e-103,100
1.049232323692099,0.5384912831502315,2.3161049050481586e-107,101
1.0361750236037994,0.5364102191231441,6.909257674504917e-109,102
1.0421482346370863,0.5364794766462281,3.3505216345197584e-115,103
1.049391652347807,0.5372476156264925,1.093187288621536e-102,104
1.0363884444208213,0.536875368437163,4.146417134374955e-114,105
1.048585036712144,0.5366183684864558,1.7973222356545806e-115,106
1.0343213211816087,0.5419368465446269,1.2697448290648952e-121,107
1.0568952012080683,0.5408301460014956,2.3462206499440564e-117,108
1.0224611150111287,0.5382272109055963,3.577607558122451e-115,109
1.045891351656746,0.538124981166715,2.1663072848714285e-103,110
1.0478229887896393,0.5419472217354516,3.691209870411658e-117,111
1.0542843958049761,0.5402438540156675,1.207184323294057e-117,112
1.043805094218549,0.5409520551793271,1.2418322194935378e-113,113
1.0504641122895753,0.5389285403332899,1.7858977208124295e-113,114
1.0557113231843183,0.5387384234283902,4.434292663082103e-106,115
1.0316328587090955,0.5393918309303134,2.372034325075406e-111,116
1.0426693145926154,0.538948394961778,2.661435801020868e-116,117
1.041594847835405,0.5397980509124427,1.2839251205218694e-114,118
1.0703993707718054,0.537609689225192,2.8912821643916035e-117,119
1.0320820387384546,0.5412540260530603,3.1719343629585586e-109,120
1.052789273216631,0.5407859333970213,1.4406903254956464e-117,121
1.0475374497271817,0.5407424064769509,4.25884575689275e-118,122
1.047984408065627,0.5392467411665505,1.2930387762087467e-116,123
1.0149809391418863,0.5411411931200345,8.849553893898377e-115,124
1.0387802127005719,0.538517328539886,1.5804814849280103e-115,125
1.0278215548124556,0.5402978722431065,1.6804891138319626e-104,126
1.0485300420340236,0.5373895518924303,2.7529884251113587e-108,127
1.0607519757798434,0.538542228164218,5.975304789029757e-118,128
1.0379070542651936,0.5368355835484685,5.7205865014215375e-111,129
1.0242053106469584,0.5390962832213088,7.9570454659735885e-109,130
1.064187592815073,0.5377852346234953,3.809090857165854e-120,131
1.0563396169324408,0.5383045581881083,1.4223705760647615e-118,132
1.0442272273642865,0.5394552759148472,3.463233352079374e-106,133
1.0646554982659235,0.5390857236804941,7.843468639862604e-117,134
1.0143927193046194,0.5408196477593517,3.6173860710362056e-111,135
1.0492697206234733,0.5411075907556415,2.4064670074269068e-117,136
1.0402417510306305,0.5370098715154232,1.5498383312850395e-112,137
1.051493955733015,0.5412256586938489,9.722578344261649e-117,138
1.0594873511366565,0.5402615505905415,1.2685094843325677e-102,139
1.049967187994767,0.5391813267617983,2.6544527653273048e-110,140
1.0453954482229049,0.5403449255553339,1.908289900242218e-118,141
1.0599920188669198,0.5384621334301058,6.998017691462689e-115,142
1.0274233916525741,0.5400215404414817,9.235659658927865e-114,143
1.0581004576305064,0.5410669460042313,1.697515057153465e-114,144
1.0506795592177052,0.538899163585548,3.894222263475548e-124,145
1.0446447179788816,0.5388024748905264,5.868176710646671e-112,146
1.0145398651197342,0.5408800932787693,4.073908617436958e-114,147
1.0430357898542963,0.5383691865659452,2.366600566804968e-101,148
1.0532506799249455,0.5405859375544411,7.061539795835016e-101,149
1.0434165270714089,0.5399235740736094,4.415250875609056e-107,150
1.0488498964168833,0.5383585125860442,1.1933776671220712e-113,151
1.0446143471780813,0.5402289835744659,1.551051714292252e-113,152
1.0477242435260226,0.5393534260447526,1.5138572161950694e-114,153
1.0440565892884162,0.5404517442107998,1.6867290243711853e-116,154
1.0466913771952175,0.5397308150861093,1.6011260295745415e-115,155
1.0289672969037735,0.5413206344774292,8.59769759572023e-114,156
1.0184173220955928,0.5412607514656045,1.9182226012517312e-112,157
1.0386430360695047,0.540670471891019,1.8131954070519854e-104,158
1.043612312819256,0.5387556784205488,3.322864839600651e-110,159
1.0626158558759422,0.5401112268849043,2.0023265604341544e-119,160
1.0673212802217427,0.5390156636780169,9.203961013274746e-112,161
1.0457407919169206,0.5376668721274305,2.2213247912645854e-111,162
1.0295498900146363,0.5422525619218467,5.638825872416385e-111,163
1.04061585425201,0.5377240380048067,1.6365522433452974e-114,164
1.0343269882982393,0.5403931883841027,1.7161293462270994e-113,165
1.040749483605856,0.5384160004435938,1.0585930168498849e-104,166
1.0534676882674885,0.5388690390515362,8.918607619394666e-108,167
1.045836570488188,0.5380606733767653,2.924549804875017e-103,168
1.0438232364747857,0.5408459728198957,1.3311039673977739e-105,169
1.058211787796751,0.5359282486585584,2.011998079346616e-104,170
1.0406249977455402,0.5412740385511746,5.394223321241159e-123,171
1.0111947276694737,0.5390407742490122,2.185406868000798e-113,172
1.0348112046682556,0.5365646242115067,1.3083033624593022e-114,173
1.025407873302236,0.5416217888748888,4.1909517628542827e-122,174
1.04843079601755,0.5374305385713419,3.2811951112024297e-102,175
1.0355930413165453,0.5405221707279929,1.738872574451569e-115,176
1.056714028711303,0.5388013696431998,7.073817059765244e-118,177
1.0385130554143347,0.5392486692358279,6.131785334215745e-117,178
1.041021225590847,0.5375248712796328,7.980021355706531e-108,179
1.045524978662329,0.5426083125632178,4.423541707957008e-117,180
1.0306257957362006,0.5379778812959212,3.5567231807693578e-112,181
1.0252402457178058,0.5403400162229811,4.4400196854388836e-114,182
1.0432253069468487,0.5395227709562684,5.251746041219391e-116,183
1.0267537189246754,0.5386872713235101,2.2869667886572433e-120,184
1.0236849352568624,0.5392783829114037,2.2201588002275146e-121,185
1.0535311570148358,0.5393430446038827,2.986761696817077e-113,186
1.0401040889355282,0.5365966658263307,8.068103027338423e-116,187
1.0229516809468802,0.5392137190602935,5.097508118922294e-121,188
1.0103788592709169,0.5418404861978859,4.933114031665064e-112,189
1.0181598537806014,0.5426192172987242,3.1529256885753218e-105,190
1.044028497693581,0.5400715096898008,7.34333733216744e-109,191
1.0293234099473587,0.5409585098422058,7.040190051911488e-106,192
1.0500894898043138,0.5389603792691263,8.771911222797846e-101,193
1.0281826246806822,0.5393339577653371,1.7973855746863656e-109,194
1.064576955916675,0.5359551757883685,8.795012550858026e-111,195
1.0304795003255958,0.5429391053031906,2.8744908632516268e-115,196
1.0523459482779223,0.539665258477113,4.1035492453753476e-107,197
1.0270542956779305,0.5402410208403177,2.0129423028342563e-100,198
1.048571481905824,0.541067670243922,8.962009169465114e-118,199
1.0666102551868935,0.5369512720654753,1.0628800209880974e-117,200
